,net_pnl
2024-11-01,1333.5200000000004
2024-11-04,-315.8399999999997
2024-11-05,67.54000000000042
2024-11-06,-1910.1599999999994
2024-11-07,-2873.4399999999996
2024-11-08,-1588.7799999999997
2024-11-11,-1395.7399999999998
2024-11-12,-696.3799999999997
2024-11-13,269.99000000000046
2024-11-14,613.4200000000005
2024-11-15,-3928.8399999999992
2024-11-18,-1830.3999999999996
2024-11-19,-431.4299999999996
2024-11-20,-1105.6499999999994
2024-11-21,14.200000000000728
2024-11-22,932.4900000000005
2024-11-25,596.4100000000005
2024-11-26,-897.7999999999997
2024-11-27,-1559.2699999999998
2024-11-28,7.99
2024-11-29,-1034.6599999999999
2024-12-02,-628.7299999999999
2024-12-03,-1061.7199999999998
2024-12-04,-428.72999999999985
2024-12-05,-769.7099999999998
2024-12-06,-788.7799999999997
2024-12-09,-776.2799999999997
2024-12-10,-1011.7199999999998
2024-12-11,0.7800000000001859
2024-12-12,-1193.2899999999997
2024-12-13,819.6000000000004
2024-12-16,-510.6899999999999
2024-12-17,542.7900000000002
2024-12-18,-653.4499999999991
2024-12-19,-3087.4699999999993
2024-12-20,-1555.119999999999
2024-12-23,-2473.0499999999993
2024-12-24,-968.6799999999998
2024-12-25,0.0
2024-12-26,-1899.8599999999997
2024-12-27,-1701.7799999999993
2024-12-30,-892.7599999999993
2024-12-31,-1747.2699999999993
2025-01-01,0.0
2025-01-02,-2942.369999999999
2025-01-03,-3505.0099999999993
2025-01-06,-1873.4399999999996
2025-01-07,-460.7999999999993
2025-01-08,1443.7100000000007
2025-01-09,0.0
2025-01-10,-3591.979999999999
2025-01-13,-675.1099999999994
2025-01-14,671.1600000000008
2025-01-15,-1857.0699999999995
2025-01-16,-666.4799999999996
2025-01-17,-1966.4799999999996
2025-01-20,-514.56
2025-01-21,-1876.9199999999996
2025-01-22,-1493.2899999999997
2025-01-23,97.69000000000021
2025-01-24,339.7000000000002
2025-01-27,438.8100000000006
2025-01-28,147.4400000000005
2025-01-29,-1241.0899999999995
2025-01-30,-954.6199999999994
2025-01-31,-2661.439999999999
2025-02-03,-1798.9399999999991
2025-02-04,-1028.9799999999996
2025-02-05,-1213.3899999999996
2025-02-06,-1567.8999999999996
2025-02-07,-6464.529999999999
2025-02-10,744.2100000000003
2025-02-11,-947.7999999999997
2025-02-12,359.94000000000045
2025-02-13,-1210.5499999999995
2025-02-14,78.23000000000025
2025-02-17,-54.51
2025-02-18,-587.3599999999997
2025-02-19,184.1600000000003
2025-02-20,438.03000000000037
2025-02-21,352.7300000000007
2025-02-24,-829.6199999999994
2025-02-25,-237.07999999999902
2025-02-26,-1110.4099999999992
2025-02-27,-418.25999999999885
2025-02-28,-2472.7699999999986
2025-03-03,-3727.669999999999
2025-03-04,-3825.7199999999984
2025-03-05,-3068.6499999999987
2025-03-06,-1340.8099999999988
2025-03-07,-6017.089999999998
2025-03-10,-309.629999999999
2025-03-11,314.4800000000014
2025-03-12,-1655.8999999999992
2025-03-13,-3078.059999999999
2025-03-14,-2261.1899999999996
2025-03-17,-881.1799999999998
2025-03-18,-1321.3799999999997
2025-03-19,-3222.0199999999995
2025-03-20,-407.0699999999995
2025-03-21,-38.24999999999932
2025-03-24,-1019.9599999999996
2025-03-25,-2274.8599999999997
2025-03-26,-1792.1199999999994
2025-03-27,-2220.209999999999
2025-03-28,-738.2499999999993
2025-03-31,3127.2300000000014
2025-04-01,472.33000000000106
2025-04-02,-732.1799999999989
2025-04-03,-6035.909999999999
2025-04-04,-136.5199999999977
2025-04-07,-2211.1599999999985
2025-04-08,664.7300000000012
2025-04-09,-2019.5399999999986
2025-04-10,-2453.059999999999
2025-04-11,-4127.8099999999995
2025-04-14,-1910.9399999999996
2025-04-15,-2075.1099999999997
2025-04-16,-28.839999999999236
2025-04-17,-2169.5699999999997
2025-04-18,0.0
2025-04-21,-1529.6199999999994
2025-04-22,491.6500000000008
2025-04-23,544.880000000001
2025-04-24,-2857.0699999999997
2025-04-25,-1230.0099999999995
2025-04-28,-261.9699999999996
2025-04-29,-766.4799999999996
2025-04-30,-3755.899999999999
2025-05-01,888.8100000000006
2025-05-02,-355.00999999999954
2025-05-05,-1940.4499999999996
2025-05-06,-2425.1099999999997
2025-05-07,-2229.6199999999994
2025-05-08,-914.9199999999992
2025-05-09,-1485.2999999999997
2025-05-12,-1713.6399999999994
2025-05-13,322.0500000000004
2025-05-14,-1247.0199999999995
2025-05-15,-1116.4799999999996
2025-05-16,-1850.8899999999996
2025-05-19,-1658.4899999999996
2025-05-20,-198.8299999999997
2025-05-21,-1901.7799999999993
2025-05-22,-907.4599999999996
2025-05-23,-1920.9899999999996
2025-05-26,0.0
2025-05-27,-689.4199999999996
2025-05-28,-314.4199999999996
2025-05-29,-1580.0099999999995
2025-05-30,-1488.6399999999994
2025-06-02,-2182.8499999999995
2025-06-03,-442.8999999999997
2025-06-04,-1011.3299999999997
2025-06-05,-137.85999999999922
2025-06-06,150.53000000000043
2025-06-09,40.34000000000012
2025-06-10,-169.3199999999997
2025-06-11,-1283.0999999999995
2025-06-12,-2455.3999999999996
2025-06-13,-1384.5199999999995
2025-06-16,-1762.7499999999998
2025-06-17,-3277.95
2025-06-18,-2141.4799999999996
2025-06-19,35.44000000000004
2025-06-20,-3245.99
2025-06-23,-3338.6399999999994
2025-06-24,70.24000000000021
2025-06-25,-643.6799999999998
2025-06-26,-654.7599999999998
2025-06-27,-143.9299999999996
2025-06-30,-182.84999999999968
2025-07-01,-466.86999999999966
2025-07-02,-1835.69
2025-07-03,-383.2399999999998
2025-07-04,0.0
2025-07-07,372.44000000000045
2025-07-08,196.6600000000003
2025-07-09,-2678.9799999999996
2025-07-10,230.29000000000016
2025-07-11,1043.1800000000003
2025-07-14,-177.69999999999987
2025-07-15,-922.4099999999996
2025-07-16,-1237.8599999999992
2025-07-17,-499.2199999999998
2025-07-18,-1203.3399999999997
2025-07-21,658.7700000000001
2025-07-22,-437.3599999999997
2025-07-23,-1598.8299999999997
2025-07-24,-688.7799999999997
2025-07-25,-968.6799999999998
2025-07-28,-949.2199999999999
2025-07-29,-625.8899999999996
2025-07-30,-467.5099999999996
2025-07-31,-1349.0799999999995
2025-08-01,-255.89999999999918
2025-08-04,-983.8799999999997
2025-08-05,-1352.9499999999996
2025-08-06,-888.3899999999996
2025-08-07,-2898.0499999999993
2025-08-08,584.1600000000003
2025-08-11,774.7500000000002
2025-08-12,-1603.9799999999996
2025-08-13,173.72000000000025
2025-08-14,427.5900000000004
2025-08-15,-1645.3499999999997
2025-08-18,-2370.74
2025-08-19,-1245.3499999999997
2025-08-20,-3506.6799999999994
2025-08-21,-548.0499999999995
2025-08-22,-3342.5099999999993
2025-08-25,-906.1799999999998
2025-08-26,-958.2399999999998
2025-08-27,-825.2499999999998
2025-08-28,-1526.2799999999997
2025-08-29,-963.3899999999996
2025-09-01,0.0
2025-09-02,-1256.0399999999995
2025-09-03,-1549.8599999999997
2025-09-04,-1329.3699999999997
2025-09-05,-2161.1899999999996
2025-09-08,-1337.3599999999997
2025-09-09,1506.7100000000003
2025-09-10,858.1300000000003
2025-09-11,-1540.8399999999997
2025-09-12,-1108.2399999999998
2025-09-15,-1173.1899999999998
2025-09-16,-766.2299999999998
2025-09-17,73.86000000000058
2025-09-18,-206.4299999999996
2025-09-19,279.6500000000002
2025-09-22,-291.2299999999999
2025-09-23,-1521.3799999999997
2025-09-24,-2478.9799999999996
2025-09-25,-3465.6999999999994
2025-09-26,-1868.9299999999996
2025-09-29,-541.2299999999998
2025-09-30,-966.4799999999996
