asof,sleeve,root,target,close,instrument_id
2026-10-05,h030,ZB,0,102.25,42009118
2026-10-05,h030,ZF,0,103.4609375,42501731
2026-10-05,h030,ZN,0,104.28125,42001080
2026-10-05,h030,ZT,0,101.78515625,42413280
2026-10-05,h035_watch,ES,0,7831.0,10252
2026-10-05,h044,ZB,0,102.25,42009118
2026-10-05,h044,ZF,0,103.4609375,42501731
2026-10-05,h044,ZN,0,104.28125,42001080
2026-10-05,h044,ZT,0,101.78515625,42413280
2026-10-05,h045,6A,0,0.6964,6670
2026-10-05,h045,6B,0,1.3225,5101
2026-10-05,h045,6C,0,0.7038,2253
2026-10-05,h045,6E,0,1.12525,5510
2026-10-05,h045,6J,0,0.006369,1129
2026-10-05,h045,6S,0,1.21315,4977
2026-10-05,trend252,6A,5,0.6964,6670
2026-10-05,trend252,6B,-5,1.3225,5101
2026-10-05,trend252,6C,-8,0.7038,2253
2026-10-05,trend252,6E,-3,1.12525,5510
2026-10-05,trend252,6J,-3,0.006369,1129
2026-10-05,trend252,6S,-2,1.21315,4977
2026-10-05,trend252,CL,0,89.25,301334
2026-10-05,trend252,ES,1,7831.0,10252
2026-10-05,trend252,GC,0,4168.9,41271
2026-10-05,trend252,HE,-4,70.775,42031480
2026-10-05,trend252,HG,1,6.642,9648
2026-10-05,trend252,HO,0,4.507,786998
2026-10-05,trend252,LE,-1,219.975,42005708
2026-10-05,trend252,NG,2,3.078,967
2026-10-05,trend252,NQ,0,31331.75,261401
2026-10-05,trend252,RB,0,3.2259,632196
2026-10-05,trend252,RTY,1,2868.2,42012034
2026-10-05,trend252,SI,0,61.425,701
2026-10-05,trend252,YM,1,51604.0,42004778
2026-10-05,trend252,ZB,-2,102.25,42009118
2026-10-05,trend252,ZC,4,497.5,415887
2026-10-05,trend252,ZF,-6,103.4609375,42501731
2026-10-05,trend252,ZN,-4,104.28125,42001080
2026-10-05,trend252,ZS,2,1281.0,387199
2026-10-05,trend252,ZT,-7,101.78515625,42413280
2026-10-05,trend252,ZW,2,691.5,42009020
2026-10-06,h030,ZB,0,102.25,42009118
2026-10-06,h030,ZF,0,103.53125,42501731
2026-10-06,h030,ZN,0,104.390625,42001080
2026-10-06,h030,ZT,0,101.8125,42413280
2026-10-06,h035_watch,ES,0,7880.25,10252
2026-10-06,h044,ZB,0,102.25,42009118
2026-10-06,h044,ZF,0,103.53125,42501731
2026-10-06,h044,ZN,0,104.390625,42001080
2026-10-06,h044,ZT,0,101.8125,42413280
2026-10-06,h045,6A,0,0.69725,6670
2026-10-06,h045,6B,0,1.327,5101
2026-10-06,h045,6C,0,0.70595,2253
2026-10-06,h045,6E,0,1.1284,5510
2026-10-06,h045,6J,0,0.006351,1129
2026-10-06,h045,6S,0,1.21085,4977
2026-10-06,trend252,6A,5,0.69725,6670
2026-10-06,trend252,6B,-5,1.327,5101
2026-10-06,trend252,6C,-7,0.70595,2253
2026-10-06,trend252,6E,-3,1.1284,5510
2026-10-06,trend252,6J,-3,0.006351,1129
2026-10-06,trend252,6S,-2,1.21085,4977
2026-10-06,trend252,CL,0,89.98,301334
2026-10-06,trend252,ES,1,7880.25,10252
2026-10-06,trend252,GC,0,4193.6,41271
2026-10-06,trend252,HE,-4,70.375,42031480
2026-10-06,trend252,HG,1,6.6545,9648
2026-10-06,trend252,HO,0,4.5966,786998
2026-10-06,trend252,LE,-1,224.05,42005708
2026-10-06,trend252,NG,2,3.121,967
2026-10-06,trend252,NQ,0,31487.0,261401
2026-10-06,trend252,RB,0,3.3239,632196
2026-10-06,trend252,RTY,1,2846.1,42012034
2026-10-06,trend252,SI,0,61.68,701
2026-10-06,trend252,YM,1,51819.0,42004778
2026-10-06,trend252,ZB,-2,102.25,42009118
2026-10-06,trend252,ZC,4,508.5,415887
2026-10-06,trend252,ZF,-6,103.53125,42501731
2026-10-06,trend252,ZN,-4,104.390625,42001080
2026-10-06,trend252,ZS,2,1304.75,387199
2026-10-06,trend252,ZT,-7,101.8125,42413280
2026-10-06,trend252,ZW,2,704.5,42009020
