# BLS release dates parsed from https://www.bls.gov/bls/news-release/{empsit,cpi}.htm (archive links
# empsit_MMDDYYYY.htm / cpi_MMDDYYYY.htm); 8:30 ET releases. Fetched 2026-10-03. Includes scheduled future dates.
date,type
2008-02-01,empsit
2008-02-20,cpi
2008-03-07,empsit
2008-03-14,cpi
2008-04-04,empsit
2008-04-16,cpi
2008-05-02,empsit
2008-05-14,cpi
2008-06-06,empsit
2008-06-13,cpi
2008-07-03,empsit
2008-07-16,cpi
2008-08-01,empsit
2008-08-14,cpi
2008-09-05,empsit
2008-09-16,cpi
2008-10-03,empsit
2008-10-16,cpi
2008-11-07,empsit
2008-11-19,cpi
2008-12-05,empsit
2008-12-16,cpi
2009-01-09,empsit
2009-01-16,cpi
2009-02-06,empsit
2009-02-20,cpi
2009-03-06,empsit
2009-03-18,cpi
2009-04-03,empsit
2009-04-15,cpi
2009-05-08,empsit
2009-05-15,cpi
2009-06-05,empsit
2009-06-17,cpi
2009-07-02,empsit
2009-07-15,cpi
2009-08-07,empsit
2009-08-14,cpi
2009-09-04,empsit
2009-09-16,cpi
2009-10-02,empsit
2009-10-15,cpi
2009-11-06,empsit
2009-11-18,cpi
2009-12-04,empsit
2009-12-16,cpi
2010-01-08,empsit
2010-01-15,cpi
2010-02-05,empsit
2010-02-19,cpi
2010-03-05,empsit
2010-03-18,cpi
2010-04-02,empsit
2010-04-14,cpi
2010-05-07,empsit
2010-05-19,cpi
2010-06-04,empsit
2010-06-17,cpi
2010-07-02,empsit
2010-07-16,cpi
2010-08-06,empsit
2010-08-13,cpi
2010-09-03,empsit
2010-09-17,cpi
2010-10-08,empsit
2010-10-15,cpi
2010-11-05,empsit
2010-11-17,cpi
2010-12-03,empsit
2010-12-15,cpi
2011-01-07,empsit
2011-01-14,cpi
2011-02-04,empsit
2011-02-17,cpi
2011-03-04,empsit
2011-03-17,cpi
2011-04-01,empsit
2011-04-15,cpi
2011-05-06,empsit
2011-05-13,cpi
2011-06-03,empsit
2011-06-15,cpi
2011-07-08,empsit
2011-07-15,cpi
2011-08-05,empsit
2011-08-18,cpi
2011-09-02,empsit
2011-09-15,cpi
2011-10-07,empsit
2011-10-19,cpi
2011-11-04,empsit
2011-11-16,cpi
2011-12-02,empsit
2011-12-16,cpi
2012-01-06,empsit
2012-01-19,cpi
2012-02-03,empsit
2012-02-17,cpi
2012-03-09,empsit
2012-03-16,cpi
2012-04-06,empsit
2012-04-13,cpi
2012-05-04,empsit
2012-05-15,cpi
2012-06-01,empsit
2012-06-14,cpi
2012-07-06,empsit
2012-07-17,cpi
2012-08-03,empsit
2012-08-15,cpi
2012-09-07,empsit
2012-09-14,cpi
2012-10-05,empsit
2012-10-16,cpi
2012-11-02,empsit
2012-11-15,cpi
2012-12-07,empsit
2012-12-14,cpi
2013-01-04,empsit
2013-01-16,cpi
2013-02-01,empsit
2013-02-21,cpi
2013-03-08,empsit
2013-03-15,cpi
2013-04-05,empsit
2013-04-16,cpi
2013-05-03,empsit
2013-05-16,cpi
2013-06-07,empsit
2013-06-18,cpi
2013-07-05,empsit
2013-07-16,cpi
2013-08-02,empsit
2013-08-15,cpi
2013-09-06,empsit
2013-09-17,cpi
2013-10-22,empsit
2013-10-30,cpi
2013-11-08,empsit
2013-11-20,cpi
2013-12-06,empsit
2013-12-17,cpi
2014-01-10,empsit
2014-01-16,cpi
2014-02-07,empsit
2014-02-20,cpi
2014-03-07,empsit
2014-03-18,cpi
2014-04-04,empsit
2014-04-15,cpi
2014-05-02,empsit
2014-05-15,cpi
2014-06-06,empsit
2014-06-17,cpi
2014-07-03,empsit
2014-07-22,cpi
2014-08-01,empsit
2014-08-19,cpi
2014-09-05,empsit
2014-09-17,cpi
2014-10-03,empsit
2014-10-22,cpi
2014-11-07,empsit
2014-11-20,cpi
2014-12-05,empsit
2014-12-17,cpi
2015-01-09,empsit
2015-01-16,cpi
2015-02-06,empsit
2015-02-26,cpi
2015-03-06,empsit
2015-03-24,cpi
2015-04-03,empsit
2015-04-17,cpi
2015-05-08,empsit
2015-05-22,cpi
2015-06-05,empsit
2015-06-18,cpi
2015-07-02,empsit
2015-07-17,cpi
2015-08-07,empsit
2015-08-19,cpi
2015-09-04,empsit
2015-09-16,cpi
2015-10-02,empsit
2015-10-15,cpi
2015-11-06,empsit
2015-11-17,cpi
2015-12-04,empsit
2015-12-15,cpi
2016-01-08,empsit
2016-01-20,cpi
2016-02-05,empsit
2016-02-19,cpi
2016-03-04,empsit
2016-03-16,cpi
2016-04-01,empsit
2016-04-14,cpi
2016-05-06,empsit
2016-05-17,cpi
2016-06-03,empsit
2016-06-16,cpi
2016-07-08,empsit
2016-07-15,cpi
2016-08-05,empsit
2016-08-16,cpi
2016-09-02,empsit
2016-09-16,cpi
2016-10-07,empsit
2016-10-18,cpi
2016-11-04,empsit
2016-11-17,cpi
2016-12-02,empsit
2016-12-15,cpi
2017-01-06,empsit
2017-01-18,cpi
2017-02-03,empsit
2017-02-15,cpi
2017-03-10,empsit
2017-03-15,cpi
2017-04-07,empsit
2017-04-14,cpi
2017-05-05,empsit
2017-05-12,cpi
2017-06-02,empsit
2017-06-14,cpi
2017-07-07,empsit
2017-07-14,cpi
2017-08-04,empsit
2017-08-11,cpi
2017-09-01,empsit
2017-09-14,cpi
2017-10-06,empsit
2017-10-13,cpi
2017-11-03,empsit
2017-11-15,cpi
2017-12-08,empsit
2017-12-13,cpi
2018-01-05,empsit
2018-01-12,cpi
2018-02-02,empsit
2018-02-14,cpi
2018-03-09,empsit
2018-03-13,cpi
2018-04-06,empsit
2018-04-11,cpi
2018-05-04,empsit
2018-05-10,cpi
2018-06-01,empsit
2018-06-12,cpi
2018-07-06,empsit
2018-07-12,cpi
2018-08-03,empsit
2018-08-10,cpi
2018-09-07,empsit
2018-09-13,cpi
2018-10-05,empsit
2018-10-11,cpi
2018-11-02,empsit
2018-11-14,cpi
2018-12-07,empsit
2018-12-12,cpi
2019-01-04,empsit
2019-01-11,cpi
2019-02-01,empsit
2019-02-13,cpi
2019-03-08,empsit
2019-03-12,cpi
2019-04-05,empsit
2019-04-10,cpi
2019-05-03,empsit
2019-05-10,cpi
2019-06-07,empsit
2019-06-12,cpi
2019-07-05,empsit
2019-07-11,cpi
2019-08-02,empsit
2019-08-13,cpi
2019-09-06,empsit
2019-09-12,cpi
2019-10-04,empsit
2019-10-10,cpi
2019-11-01,empsit
2019-11-13,cpi
2019-12-06,empsit
2019-12-11,cpi
2020-01-10,empsit
2020-01-14,cpi
2020-02-07,empsit
2020-02-13,cpi
2020-03-06,empsit
2020-03-11,cpi
2020-04-03,empsit
2020-04-10,cpi
2020-05-08,empsit
2020-05-12,cpi
2020-06-05,empsit
2020-06-10,cpi
2020-07-02,empsit
2020-07-14,cpi
2020-08-07,empsit
2020-08-12,cpi
2020-09-04,empsit
2020-09-11,cpi
2020-10-02,empsit
2020-10-13,cpi
2020-11-06,empsit
2020-11-12,cpi
2020-12-04,empsit
2020-12-10,cpi
2021-01-08,empsit
2021-01-13,cpi
2021-02-05,empsit
2021-02-10,cpi
2021-03-05,empsit
2021-03-10,cpi
2021-04-02,empsit
2021-04-13,cpi
2021-05-07,empsit
2021-05-12,cpi
2021-06-04,empsit
2021-06-10,cpi
2021-07-02,empsit
2021-07-13,cpi
2021-08-06,empsit
2021-08-11,cpi
2021-09-03,empsit
2021-09-14,cpi
2021-10-08,empsit
2021-10-13,cpi
2021-11-05,empsit
2021-11-10,cpi
2021-12-03,empsit
2021-12-10,cpi
2022-01-07,empsit
2022-01-12,cpi
2022-02-04,empsit
2022-02-10,cpi
2022-03-04,empsit
2022-03-10,cpi
2022-04-01,empsit
2022-04-12,cpi
2022-05-06,empsit
2022-05-11,cpi
2022-06-03,empsit
2022-06-10,cpi
2022-07-08,empsit
2022-07-13,cpi
2022-08-05,empsit
2022-08-10,cpi
2022-09-02,empsit
2022-09-13,cpi
2022-10-07,empsit
2022-10-13,cpi
2022-11-04,empsit
2022-11-10,cpi
2022-12-02,empsit
2022-12-13,cpi
2023-01-06,empsit
2023-01-12,cpi
2023-02-03,empsit
2023-02-14,cpi
2023-03-10,empsit
2023-03-14,cpi
2023-04-07,empsit
2023-04-12,cpi
2023-05-05,empsit
2023-05-10,cpi
2023-06-02,empsit
2023-06-13,cpi
2023-07-07,empsit
2023-07-12,cpi
2023-08-04,empsit
2023-08-10,cpi
2023-09-01,empsit
2023-09-13,cpi
2023-10-06,empsit
2023-10-12,cpi
2023-11-03,empsit
2023-11-14,cpi
2023-12-08,empsit
2023-12-12,cpi
2024-01-05,empsit
2024-01-11,cpi
2024-02-02,empsit
2024-02-13,cpi
2024-03-08,empsit
2024-03-12,cpi
2024-04-05,empsit
2024-04-10,cpi
2024-05-03,empsit
2024-05-15,cpi
2024-06-07,empsit
2024-06-12,cpi
2024-07-05,empsit
2024-07-11,cpi
2024-08-02,empsit
2024-08-14,cpi
2024-09-06,empsit
2024-09-11,cpi
2024-10-04,empsit
2024-10-10,cpi
2024-11-01,empsit
2024-11-13,cpi
2024-12-06,empsit
2024-12-11,cpi
2025-01-10,empsit
2025-01-15,cpi
2025-02-07,empsit
2025-02-12,cpi
2025-03-07,empsit
2025-03-12,cpi
2025-04-04,empsit
2025-04-10,cpi
2025-05-02,empsit
2025-05-13,cpi
2025-06-06,empsit
2025-06-11,cpi
2025-07-03,empsit
2025-07-15,cpi
2025-08-01,empsit
2025-08-12,cpi
2025-09-05,empsit
2025-09-11,cpi
2025-10-24,cpi
2025-11-20,empsit
2025-12-16,empsit
2025-12-18,cpi
2026-01-09,empsit
2026-01-13,cpi
2026-02-11,empsit
2026-02-13,cpi
2026-03-06,empsit
2026-03-11,cpi
2026-04-03,empsit
2026-04-10,cpi
2026-05-08,empsit
2026-05-12,cpi
2026-06-05,empsit
2026-06-10,cpi
2026-07-02,empsit
2026-07-14,cpi
2026-08-07,empsit
2026-08-12,cpi
2026-09-04,empsit
2026-09-11,cpi
2026-10-02,empsit
2026-11-06,empsit
2026-12-04,empsit
