# Nominal fixed-rate US Treasury note/bond auctions 2010-01..2025-09 from api.fiscaldata.treasury.gov (auctions_query),
# fetched 2026-10-04 (R9, H-031). TIPS and FRNs excluded; 3-year notes have no matching future and are dropped.
# future = CME contract whose deliverable basket matches the tenor: 2Y->ZT, 5Y->ZF, 7Y/10Y->ZN, 20Y/30Y->ZB.
auction_date,security_term,reopening,future
2010-01-13,9-Year 10-Month,Yes,ZN
2010-01-14,29-Year 10-Month,Yes,ZB
2010-01-26,2-Year,No,ZT
2010-01-27,5-Year,No,ZF
2010-01-28,7-Year,No,ZN
2010-02-10,10-Year,No,ZN
2010-02-11,30-Year,No,ZB
2010-02-23,2-Year,No,ZT
2010-02-24,5-Year,No,ZF
2010-02-25,7-Year,No,ZN
2010-03-10,9-Year 11-Month,Yes,ZN
2010-03-11,29-Year 11-Month,Yes,ZB
2010-03-23,2-Year,No,ZT
2010-03-24,5-Year,No,ZF
2010-03-25,7-Year,No,ZN
2010-04-07,9-Year 10-Month,Yes,ZN
2010-04-08,29-Year 10-Month,Yes,ZB
2010-04-27,2-Year,No,ZT
2010-04-28,5-Year,No,ZF
2010-04-29,7-Year,No,ZN
2010-05-12,10-Year,No,ZN
2010-05-13,30-Year,No,ZB
2010-05-25,2-Year,No,ZT
2010-05-26,5-Year,No,ZF
2010-05-27,7-Year,No,ZN
2010-06-09,9-Year 11-Month,Yes,ZN
2010-06-10,29-Year 11-Month,Yes,ZB
2010-06-22,2-Year,No,ZT
2010-06-23,5-Year,No,ZF
2010-06-24,7-Year,No,ZN
2010-07-13,9-Year 10-Month,Yes,ZN
2010-07-14,29-Year 10-Month,Yes,ZB
2010-07-27,2-Year,No,ZT
2010-07-28,5-Year,No,ZF
2010-07-29,7-Year,No,ZN
2010-08-11,10-Year,No,ZN
2010-08-12,30-Year,No,ZB
2010-08-24,2-Year,No,ZT
2010-08-25,5-Year,No,ZF
2010-08-26,7-Year,No,ZN
2010-09-08,9-Year 11-Month,Yes,ZN
2010-09-09,29-Year 11-Month,Yes,ZB
2010-09-27,2-Year,No,ZT
2010-09-28,5-Year,No,ZF
2010-09-29,7-Year,No,ZN
2010-10-13,9-Year 10-Month,Yes,ZN
2010-10-14,29-Year 10-Month,Yes,ZB
2010-10-26,2-Year,No,ZT
2010-10-27,5-Year,No,ZF
2010-10-28,7-Year,No,ZN
2010-11-09,10-Year,No,ZN
2010-11-10,30-Year,No,ZB
2010-11-22,2-Year,No,ZT
2010-11-23,5-Year,No,ZF
2010-11-24,7-Year,No,ZN
2010-12-08,9-Year 11-Month,Yes,ZN
2010-12-09,29-Year 11-Month,Yes,ZB
2010-12-27,2-Year,No,ZT
2010-12-28,5-Year,No,ZF
2010-12-29,7-Year,No,ZN
2011-01-12,9-Year 10-Month,Yes,ZN
2011-01-13,29-Year 10-Month,Yes,ZB
2011-01-25,2-Year,No,ZT
2011-01-26,5-Year,No,ZF
2011-01-27,7-Year,No,ZN
2011-02-09,10-Year,No,ZN
2011-02-10,30-Year,No,ZB
2011-02-22,2-Year,No,ZT
2011-02-23,5-Year,No,ZF
2011-02-24,7-Year,No,ZN
2011-03-09,9-Year 11-Month,Yes,ZN
2011-03-10,29-Year 11-Month,Yes,ZB
2011-03-28,2-Year,No,ZT
2011-03-29,5-Year,No,ZF
2011-03-30,7-Year,No,ZN
2011-04-13,9-Year 10-Month,Yes,ZN
2011-04-14,29-Year 10-Month,Yes,ZB
2011-04-26,2-Year,No,ZT
2011-04-27,5-Year,No,ZF
2011-04-28,7-Year,No,ZN
2011-05-11,10-Year,No,ZN
2011-05-12,30-Year,No,ZB
2011-05-24,2-Year,No,ZT
2011-05-25,5-Year,No,ZF
2011-05-26,7-Year,No,ZN
2011-06-08,9-Year 11-Month,Yes,ZN
2011-06-09,29-Year 11-Month,Yes,ZB
2011-06-27,2-Year,No,ZT
2011-06-28,5-Year,No,ZF
2011-06-29,7-Year,No,ZN
2011-07-13,9-Year 10-Month,Yes,ZN
2011-07-14,29-Year 10-Month,Yes,ZB
2011-07-26,2-Year,No,ZT
2011-07-27,5-Year,No,ZF
2011-07-28,7-Year,No,ZN
2011-08-10,10-Year,No,ZN
2011-08-11,30-Year,No,ZB
2011-08-23,2-Year,No,ZT
2011-08-24,5-Year,No,ZF
2011-08-25,7-Year,No,ZN
2011-09-13,9-Year 11-Month,Yes,ZN
2011-09-14,29-Year 11-Month,Yes,ZB
2011-09-27,2-Year,No,ZT
2011-09-28,5-Year,No,ZF
2011-09-29,7-Year,No,ZN
2011-10-12,9-Year 10-Month,Yes,ZN
2011-10-13,29-Year 10-Month,Yes,ZB
2011-10-25,2-Year,No,ZT
2011-10-26,5-Year,No,ZF
2011-10-27,7-Year,No,ZN
2011-11-09,10-Year,No,ZN
2011-11-10,30-Year,No,ZB
2011-11-21,2-Year,No,ZT
2011-11-22,5-Year,No,ZF
2011-11-23,7-Year,No,ZN
2011-12-13,9-Year 11-Month,Yes,ZN
2011-12-14,29-Year 11-Month,Yes,ZB
2011-12-19,2-Year,No,ZT
2011-12-20,5-Year,No,ZF
2011-12-21,7-Year,No,ZN
2012-01-11,9-Year 10-Month,Yes,ZN
2012-01-12,29-Year 10-Month,Yes,ZB
2012-01-24,2-Year,No,ZT
2012-01-25,5-Year,No,ZF
2012-01-26,7-Year,No,ZN
2012-02-08,10-Year,No,ZN
2012-02-09,30-Year,No,ZB
2012-02-21,2-Year,No,ZT
2012-02-22,5-Year,No,ZF
2012-02-23,7-Year,No,ZN
2012-03-13,9-Year 11-Month,Yes,ZN
2012-03-14,29-Year 11-Month,Yes,ZB
2012-03-27,2-Year,No,ZT
2012-03-28,5-Year,No,ZF
2012-03-29,7-Year,No,ZN
2012-04-11,9-Year 10-Month,Yes,ZN
2012-04-12,29-Year 10-Month,Yes,ZB
2012-04-24,2-Year,No,ZT
2012-04-25,5-Year,No,ZF
2012-04-26,7-Year,No,ZN
2012-05-09,10-Year,No,ZN
2012-05-10,30-Year,No,ZB
2012-05-22,2-Year,No,ZT
2012-05-23,5-Year,No,ZF
2012-05-24,7-Year,No,ZN
2012-06-13,9-Year 11-Month,Yes,ZN
2012-06-14,29-Year 11-Month,Yes,ZB
2012-06-26,2-Year,No,ZT
2012-06-27,5-Year,No,ZF
2012-06-28,7-Year,No,ZN
2012-07-11,9-Year 10-Month,Yes,ZN
2012-07-12,29-Year 10-Month,Yes,ZB
2012-07-24,2-Year,No,ZT
2012-07-25,5-Year,No,ZF
2012-07-26,7-Year,No,ZN
2012-08-08,10-Year,No,ZN
2012-08-09,30-Year,No,ZB
2012-08-28,2-Year,No,ZT
2012-08-29,5-Year,No,ZF
2012-08-30,7-Year,No,ZN
2012-09-12,9-Year 11-Month,Yes,ZN
2012-09-13,29-Year 11-Month,Yes,ZB
2012-09-25,2-Year,No,ZT
2012-09-26,5-Year,No,ZF
2012-09-27,7-Year,No,ZN
2012-10-10,9-Year 10-Month,Yes,ZN
2012-10-11,29-Year 10-Month,Yes,ZB
2012-10-23,2-Year,No,ZT
2012-10-24,5-Year,No,ZF
2012-10-25,7-Year,No,ZN
2012-11-07,10-Year,No,ZN
2012-11-08,30-Year,No,ZB
2012-11-27,2-Year,No,ZT
2012-11-28,5-Year,No,ZF
2012-11-29,7-Year,No,ZN
2012-12-12,9-Year 11-Month,Yes,ZN
2012-12-13,29-Year 11-Month,Yes,ZB
2012-12-17,2-Year,No,ZT
2012-12-18,5-Year,No,ZF
2012-12-19,7-Year,No,ZN
2013-01-09,9-Year 10-Month,Yes,ZN
2013-01-10,29-Year 10-Month,Yes,ZB
2013-01-28,2-Year,No,ZT
2013-01-29,5-Year,No,ZF
2013-01-30,7-Year,No,ZN
2013-02-13,10-Year,No,ZN
2013-02-14,30-Year,No,ZB
2013-02-25,2-Year,No,ZT
2013-02-26,5-Year,No,ZF
2013-02-27,7-Year,No,ZN
2013-03-13,9-Year 11-Month,Yes,ZN
2013-03-14,29-Year 11-Month,Yes,ZB
2013-03-26,2-Year,No,ZT
2013-03-27,5-Year,No,ZF
2013-03-28,7-Year,No,ZN
2013-04-10,9-Year 10-Month,Yes,ZN
2013-04-11,29-Year 10-Month,Yes,ZB
2013-04-23,2-Year,No,ZT
2013-04-24,5-Year,No,ZF
2013-04-25,7-Year,No,ZN
2013-05-08,10-Year,No,ZN
2013-05-09,30-Year,No,ZB
2013-05-28,2-Year,No,ZT
2013-05-29,5-Year,No,ZF
2013-05-30,7-Year,No,ZN
2013-06-12,9-Year 11-Month,Yes,ZN
2013-06-13,29-Year 11-Month,Yes,ZB
2013-06-25,2-Year,No,ZT
2013-06-26,5-Year,No,ZF
2013-06-27,7-Year,No,ZN
2013-07-10,9-Year 10-Month,Yes,ZN
2013-07-11,29-Year 10-Month,Yes,ZB
2013-07-23,2-Year,No,ZT
2013-07-24,5-Year,No,ZF
2013-07-25,7-Year,No,ZN
2013-08-07,10-Year,No,ZN
2013-08-08,30-Year,No,ZB
2013-08-27,2-Year,No,ZT
2013-08-28,5-Year,Yes,ZF
2013-08-29,7-Year,No,ZN
2013-09-11,9-Year 11-Month,Yes,ZN
2013-09-12,29-Year 11-Month,Yes,ZB
2013-09-24,2-Year,No,ZT
2013-09-25,5-Year,Yes,ZF
2013-09-26,7-Year,No,ZN
2013-10-09,9-Year 10-Month,Yes,ZN
2013-10-10,29-Year 10-Month,Yes,ZB
2013-10-28,2-Year,No,ZT
2013-10-29,5-Year,No,ZF
2013-10-30,7-Year,No,ZN
2013-11-13,10-Year,No,ZN
2013-11-14,30-Year,No,ZB
2013-11-25,2-Year,No,ZT
2013-11-26,5-Year,No,ZF
2013-11-27,7-Year,No,ZN
2013-12-11,9-Year 11-Month,Yes,ZN
2013-12-12,29-Year 11-Month,Yes,ZB
2013-12-17,2-Year,No,ZT
2013-12-18,5-Year,No,ZF
2013-12-19,7-Year,No,ZN
2014-01-08,9-Year 10-Month,Yes,ZN
2014-01-09,29-Year 10-Month,Yes,ZB
2014-01-28,2-Year,No,ZT
2014-01-30,5-Year,No,ZF
2014-01-30,7-Year,No,ZN
2014-02-12,10-Year,No,ZN
2014-02-13,30-Year,No,ZB
2014-02-25,2-Year,No,ZT
2014-02-26,5-Year,No,ZF
2014-02-27,7-Year,No,ZN
2014-03-12,9-Year 11-Month,Yes,ZN
2014-03-13,29-Year 11-Month,Yes,ZB
2014-03-25,2-Year,No,ZT
2014-03-26,5-Year,No,ZF
2014-03-27,7-Year,No,ZN
2014-04-09,9-Year 10-Month,Yes,ZN
2014-04-10,29-Year 10-Month,Yes,ZB
2014-04-22,2-Year,No,ZT
2014-04-23,5-Year,No,ZF
2014-04-24,7-Year,No,ZN
2014-05-07,10-Year,No,ZN
2014-05-08,30-Year,No,ZB
2014-05-27,2-Year,No,ZT
2014-05-28,5-Year,No,ZF
2014-05-29,7-Year,No,ZN
2014-06-11,9-Year 11-Month,Yes,ZN
2014-06-12,29-Year 11-Month,Yes,ZB
2014-06-24,2-Year,No,ZT
2014-06-25,5-Year,No,ZF
2014-06-26,7-Year,No,ZN
2014-07-09,9-Year 10-Month,Yes,ZN
2014-07-10,29-Year 10-Month,Yes,ZB
2014-07-28,2-Year,No,ZT
2014-07-29,5-Year,No,ZF
2014-07-30,7-Year,No,ZN
2014-08-13,10-Year,No,ZN
2014-08-14,30-Year,No,ZB
2014-08-26,2-Year,No,ZT
2014-08-27,5-Year,No,ZF
2014-08-28,7-Year,No,ZN
2014-09-10,9-Year 11-Month,Yes,ZN
2014-09-11,29-Year 11-Month,Yes,ZB
2014-09-23,2-Year,No,ZT
2014-09-24,5-Year,No,ZF
2014-09-25,7-Year,No,ZN
2014-10-08,9-Year 10-Month,Yes,ZN
2014-10-09,29-Year 10-Month,Yes,ZB
2014-10-28,2-Year,No,ZT
2014-10-29,5-Year,No,ZF
2014-10-30,7-Year,No,ZN
2014-11-12,10-Year,No,ZN
2014-11-13,30-Year,No,ZB
2014-11-24,2-Year,No,ZT
2014-11-25,5-Year,No,ZF
2014-11-26,7-Year,No,ZN
2014-12-10,9-Year 11-Month,Yes,ZN
2014-12-11,29-Year 11-Month,Yes,ZB
2014-12-22,2-Year,No,ZT
2014-12-23,5-Year,No,ZF
2014-12-24,7-Year,No,ZN
2015-01-13,9-Year 10-Month,Yes,ZN
2015-01-14,29-Year 10-Month,Yes,ZB
2015-01-28,2-Year,No,ZT
2015-01-29,5-Year,No,ZF
2015-01-29,7-Year,No,ZN
2015-02-11,10-Year,No,ZN
2015-02-12,30-Year,No,ZB
2015-02-24,2-Year,No,ZT
2015-02-25,5-Year,No,ZF
2015-02-26,7-Year,No,ZN
2015-03-11,9-Year 11-Month,Yes,ZN
2015-03-12,29-Year 11-Month,Yes,ZB
2015-03-24,2-Year,No,ZT
2015-03-25,5-Year,No,ZF
2015-03-26,7-Year,No,ZN
2015-04-08,9-Year 10-Month,Yes,ZN
2015-04-09,29-Year 10-Month,Yes,ZB
2015-04-27,2-Year,No,ZT
2015-04-28,5-Year,No,ZF
2015-04-29,7-Year,No,ZN
2015-05-13,10-Year,No,ZN
2015-05-14,30-Year,No,ZB
2015-05-26,2-Year,Yes,ZT
2015-05-27,5-Year,No,ZF
2015-05-28,7-Year,No,ZN
2015-06-10,9-Year 11-Month,Yes,ZN
2015-06-11,29-Year 11-Month,Yes,ZB
2015-06-23,2-Year,No,ZT
2015-06-24,5-Year,No,ZF
2015-06-25,7-Year,No,ZN
2015-07-08,9-Year 10-Month,Yes,ZN
2015-07-09,29-Year 10-Month,Yes,ZB
2015-07-28,2-Year,No,ZT
2015-07-29,5-Year,No,ZF
2015-07-30,7-Year,No,ZN
2015-08-12,10-Year,No,ZN
2015-08-13,30-Year,No,ZB
2015-08-25,2-Year,Yes,ZT
2015-08-26,5-Year,No,ZF
2015-08-27,7-Year,No,ZN
2015-09-09,9-Year 11-Month,Yes,ZN
2015-09-10,29-Year 11-Month,Yes,ZB
2015-09-22,2-Year,Yes,ZT
2015-09-23,5-Year,No,ZF
2015-09-24,7-Year,No,ZN
2015-10-07,9-Year 10-Month,Yes,ZN
2015-10-08,29-Year 10-Month,Yes,ZB
2015-10-28,5-Year,No,ZF
2015-10-29,7-Year,No,ZN
2015-11-04,2-Year,Yes,ZT
2015-11-10,10-Year,No,ZN
2015-11-12,30-Year,No,ZB
2015-11-23,2-Year,No,ZT
2015-11-24,5-Year,No,ZF
2015-11-25,7-Year,No,ZN
2015-12-09,9-Year 11-Month,Yes,ZN
2015-12-10,29-Year 11-Month,Yes,ZB
2015-12-28,2-Year,No,ZT
2015-12-29,5-Year,No,ZF
2015-12-30,7-Year,No,ZN
2016-01-13,9-Year 10-Month,Yes,ZN
2016-01-14,29-Year 10-Month,Yes,ZB
2016-01-26,2-Year,No,ZT
2016-01-27,5-Year,No,ZF
2016-01-28,7-Year,No,ZN
2016-02-10,10-Year,No,ZN
2016-02-11,30-Year,No,ZB
2016-02-23,2-Year,Yes,ZT
2016-02-24,5-Year,No,ZF
2016-02-26,7-Year,No,ZN
2016-03-09,9-Year 11-Month,Yes,ZN
2016-03-10,29-Year 11-Month,Yes,ZB
2016-03-28,2-Year,No,ZT
2016-03-29,5-Year,No,ZF
2016-03-30,7-Year,No,ZN
2016-04-13,9-Year 10-Month,Yes,ZN
2016-04-14,29-Year 10-Month,Yes,ZB
2016-04-25,2-Year,No,ZT
2016-04-26,5-Year,No,ZF
2016-04-28,7-Year,No,ZN
2016-05-11,10-Year,No,ZN
2016-05-12,30-Year,No,ZB
2016-05-24,2-Year,No,ZT
2016-05-25,5-Year,No,ZF
2016-05-26,7-Year,No,ZN
2016-06-08,9-Year 11-Month,Yes,ZN
2016-06-09,29-Year 11-Month,Yes,ZB
2016-06-20,2-Year,No,ZT
2016-06-21,5-Year,No,ZF
2016-06-22,7-Year,No,ZN
2016-07-12,9-Year 10-Month,Yes,ZN
2016-07-13,29-Year 10-Month,Yes,ZB
2016-07-25,2-Year,No,ZT
2016-07-26,5-Year,No,ZF
2016-07-28,7-Year,No,ZN
2016-08-10,10-Year,No,ZN
2016-08-11,30-Year,No,ZB
2016-08-23,2-Year,No,ZT
2016-08-24,5-Year,No,ZF
2016-08-25,7-Year,No,ZN
2016-09-12,9-Year 11-Month,Yes,ZN
2016-09-13,29-Year 11-Month,Yes,ZB
2016-09-26,2-Year,No,ZT
2016-09-27,5-Year,No,ZF
2016-09-28,7-Year,No,ZN
2016-10-12,9-Year 10-Month,Yes,ZN
2016-10-13,29-Year 10-Month,Yes,ZB
2016-10-25,2-Year,No,ZT
2016-10-26,5-Year,No,ZF
2016-10-27,7-Year,No,ZN
2016-11-09,10-Year,No,ZN
2016-11-10,30-Year,No,ZB
2016-11-21,2-Year,No,ZT
2016-11-22,5-Year,No,ZF
2016-11-23,7-Year,No,ZN
2016-12-12,9-Year 11-Month,Yes,ZN
2016-12-13,29-Year 11-Month,Yes,ZB
2016-12-27,2-Year,No,ZT
2016-12-28,5-Year,No,ZF
2016-12-29,7-Year,No,ZN
2017-01-11,9-Year 10-Month,Yes,ZN
2017-01-12,29-Year 10-Month,Yes,ZB
2017-01-24,2-Year,No,ZT
2017-01-25,5-Year,No,ZF
2017-01-26,7-Year,No,ZN
2017-02-08,10-Year,No,ZN
2017-02-09,30-Year,No,ZB
2017-02-21,2-Year,No,ZT
2017-02-22,5-Year,No,ZF
2017-02-23,7-Year,No,ZN
2017-03-08,9-Year 11-Month,Yes,ZN
2017-03-09,29-Year 11-Month,Yes,ZB
2017-03-27,2-Year,No,ZT
2017-03-28,5-Year,No,ZF
2017-03-29,7-Year,No,ZN
2017-04-11,9-Year 10-Month,Yes,ZN
2017-04-12,29-Year 10-Month,Yes,ZB
2017-04-25,2-Year,Yes,ZT
2017-04-26,5-Year,No,ZF
2017-04-27,7-Year,No,ZN
2017-05-10,10-Year,No,ZN
2017-05-11,30-Year,No,ZB
2017-05-23,2-Year,No,ZT
2017-05-24,5-Year,No,ZF
2017-05-25,7-Year,No,ZN
2017-06-12,9-Year 11-Month,Yes,ZN
2017-06-13,29-Year 11-Month,Yes,ZB
2017-06-26,2-Year,No,ZT
2017-06-27,5-Year,No,ZF
2017-06-28,7-Year,No,ZN
2017-07-12,9-Year 10-Month,Yes,ZN
2017-07-13,29-Year 10-Month,Yes,ZB
2017-07-25,2-Year,No,ZT
2017-07-26,5-Year,No,ZF
2017-07-27,7-Year,No,ZN
2017-08-09,10-Year,No,ZN
2017-08-10,30-Year,No,ZB
2017-08-28,2-Year,No,ZT
2017-08-28,5-Year,No,ZF
2017-08-29,7-Year,No,ZN
2017-09-12,9-Year 11-Month,Yes,ZN
2017-09-13,29-Year 11-Month,Yes,ZB
2017-09-26,2-Year,No,ZT
2017-09-27,5-Year,No,ZF
2017-09-28,7-Year,No,ZN
2017-10-11,9-Year 10-Month,Yes,ZN
2017-10-12,29-Year 10-Month,Yes,ZB
2017-10-24,2-Year,Yes,ZT
2017-10-25,5-Year,No,ZF
2017-10-26,7-Year,No,ZN
2017-11-08,10-Year,No,ZN
2017-11-09,30-Year,No,ZB
2017-11-27,2-Year,No,ZT
2017-11-27,5-Year,Yes,ZF
2017-11-28,7-Year,No,ZN
2017-12-11,9-Year 11-Month,Yes,ZN
2017-12-12,29-Year 11-Month,Yes,ZB
2017-12-26,2-Year,No,ZT
2017-12-27,5-Year,Yes,ZF
2017-12-28,7-Year,No,ZN
2018-01-10,9-Year 10-Month,Yes,ZN
2018-01-11,29-Year 10-Month,Yes,ZB
2018-01-23,2-Year,No,ZT
2018-01-24,5-Year,No,ZF
2018-01-25,7-Year,No,ZN
2018-02-07,10-Year,No,ZN
2018-02-08,30-Year,No,ZB
2018-02-20,2-Year,No,ZT
2018-02-21,5-Year,No,ZF
2018-02-22,7-Year,No,ZN
2018-03-12,9-Year 11-Month,Yes,ZN
2018-03-13,29-Year 11-Month,Yes,ZB
2018-03-26,2-Year,No,ZT
2018-03-27,5-Year,No,ZF
2018-03-28,7-Year,No,ZN
2018-04-11,9-Year 10-Month,Yes,ZN
2018-04-12,29-Year 10-Month,Yes,ZB
2018-04-24,2-Year,No,ZT
2018-04-25,5-Year,No,ZF
2018-04-26,7-Year,No,ZN
2018-05-09,10-Year,No,ZN
2018-05-10,30-Year,No,ZB
2018-05-22,2-Year,No,ZT
2018-05-23,5-Year,No,ZF
2018-05-24,7-Year,No,ZN
2018-06-11,9-Year 11-Month,Yes,ZN
2018-06-12,29-Year 11-Month,Yes,ZB
2018-06-26,2-Year,No,ZT
2018-06-27,5-Year,No,ZF
2018-06-28,7-Year,No,ZN
2018-07-11,9-Year 10-Month,Yes,ZN
2018-07-12,29-Year 10-Month,Yes,ZB
2018-07-24,2-Year,No,ZT
2018-07-25,5-Year,No,ZF
2018-07-26,7-Year,No,ZN
2018-08-08,10-Year,No,ZN
2018-08-09,30-Year,No,ZB
2018-08-27,2-Year,No,ZT
2018-08-28,5-Year,No,ZF
2018-08-29,7-Year,No,ZN
2018-09-12,9-Year 11-Month,Yes,ZN
2018-09-13,29-Year 11-Month,Yes,ZB
2018-09-24,2-Year,No,ZT
2018-09-25,5-Year,No,ZF
2018-09-27,7-Year,No,ZN
2018-10-10,9-Year 10-Month,Yes,ZN
2018-10-11,29-Year 10-Month,Yes,ZB
2018-10-23,2-Year,No,ZT
2018-10-24,5-Year,No,ZF
2018-10-25,7-Year,No,ZN
2018-11-06,10-Year,No,ZN
2018-11-07,30-Year,No,ZB
2018-11-26,2-Year,No,ZT
2018-11-27,5-Year,No,ZF
2018-11-28,7-Year,No,ZN
2018-12-12,9-Year 11-Month,Yes,ZN
2018-12-13,29-Year 11-Month,Yes,ZB
2018-12-24,2-Year,No,ZT
2018-12-26,5-Year,No,ZF
2018-12-27,7-Year,No,ZN
2019-01-09,9-Year 10-Month,Yes,ZN
2019-01-10,29-Year 10-Month,Yes,ZB
2019-01-28,5-Year,No,ZF
2019-01-28,2-Year,No,ZT
2019-01-29,7-Year,No,ZN
2019-02-06,10-Year,No,ZN
2019-02-07,30-Year,No,ZB
2019-02-25,2-Year,No,ZT
2019-02-25,5-Year,No,ZF
2019-02-26,7-Year,No,ZN
2019-03-12,9-Year 11-Month,Yes,ZN
2019-03-13,29-Year 11-Month,Yes,ZB
2019-03-26,2-Year,Yes,ZT
2019-03-27,5-Year,Yes,ZF
2019-03-28,7-Year,No,ZN
2019-04-10,9-Year 10-Month,Yes,ZN
2019-04-11,29-Year 10-Month,Yes,ZB
2019-04-23,2-Year,Yes,ZT
2019-04-24,5-Year,No,ZF
2019-04-25,7-Year,No,ZN
2019-05-08,10-Year,No,ZN
2019-05-09,30-Year,No,ZB
2019-05-28,2-Year,No,ZT
2019-05-28,5-Year,Yes,ZF
2019-05-29,7-Year,No,ZN
2019-06-12,9-Year 11-Month,Yes,ZN
2019-06-13,29-Year 11-Month,Yes,ZB
2019-06-21,9-Year 11-Month,Yes,ZN
2019-06-25,2-Year,No,ZT
2019-06-26,5-Year,No,ZF
2019-06-27,7-Year,No,ZN
2019-07-10,9-Year 10-Month,Yes,ZN
2019-07-11,29-Year 10-Month,Yes,ZB
2019-07-23,2-Year,No,ZT
2019-07-24,5-Year,No,ZF
2019-07-25,7-Year,No,ZN
2019-08-07,10-Year,No,ZN
2019-08-08,30-Year,No,ZB
2019-08-27,2-Year,No,ZT
2019-08-28,5-Year,No,ZF
2019-08-29,7-Year,No,ZN
2019-09-11,9-Year 11-Month,Yes,ZN
2019-09-12,29-Year 11-Month,Yes,ZB
2019-09-24,2-Year,No,ZT
2019-09-25,5-Year,No,ZF
2019-09-26,7-Year,No,ZN
2019-10-09,9-Year 10-Month,Yes,ZN
2019-10-10,29-Year 10-Month,Yes,ZB
2019-10-22,2-Year,No,ZT
2019-10-23,5-Year,No,ZF
2019-10-24,7-Year,No,ZN
2019-11-06,10-Year,No,ZN
2019-11-07,30-Year,No,ZB
2019-11-25,2-Year,No,ZT
2019-11-26,5-Year,No,ZF
2019-11-27,7-Year,No,ZN
2019-12-10,9-Year 11-Month,Yes,ZN
2019-12-12,29-Year 11-Month,Yes,ZB
2019-12-23,2-Year,No,ZT
2019-12-24,5-Year,No,ZF
2019-12-26,7-Year,No,ZN
2020-01-08,9-Year 10-Month,Yes,ZN
2020-01-09,29-Year 10-Month,Yes,ZB
2020-01-27,2-Year,No,ZT
2020-01-27,5-Year,No,ZF
2020-01-28,7-Year,No,ZN
2020-02-12,10-Year,No,ZN
2020-02-13,30-Year,No,ZB
2020-02-25,2-Year,No,ZT
2020-02-26,5-Year,No,ZF
2020-02-27,7-Year,No,ZN
2020-03-11,9-Year 11-Month,Yes,ZN
2020-03-12,29-Year 11-Month,Yes,ZB
2020-03-24,2-Year,No,ZT
2020-03-25,5-Year,No,ZF
2020-03-26,7-Year,No,ZN
2020-04-07,9-Year 10-Month,Yes,ZN
2020-04-08,29-Year 10-Month,Yes,ZB
2020-04-27,2-Year,No,ZT
2020-04-27,5-Year,No,ZF
2020-04-28,7-Year,No,ZN
2020-05-12,10-Year,No,ZN
2020-05-13,30-Year,No,ZB
2020-05-20,20-Year,No,ZB
2020-05-26,2-Year,No,ZT
2020-05-27,5-Year,No,ZF
2020-05-28,7-Year,No,ZN
2020-06-09,9-Year 11-Month,Yes,ZN
2020-06-11,29-Year 11-Month,Yes,ZB
2020-06-17,19-Year 11-Month,Yes,ZB
2020-06-23,2-Year,No,ZT
2020-06-24,5-Year,No,ZF
2020-06-25,7-Year,No,ZN
2020-07-08,9-Year 10-Month,Yes,ZN
2020-07-09,29-Year 10-Month,Yes,ZB
2020-07-22,19-Year 10-Month,Yes,ZB
2020-07-27,2-Year,No,ZT
2020-07-27,5-Year,No,ZF
2020-07-28,7-Year,No,ZN
2020-08-12,10-Year,No,ZN
2020-08-13,30-Year,No,ZB
2020-08-19,20-Year,No,ZB
2020-08-25,2-Year,No,ZT
2020-08-26,5-Year,No,ZF
2020-08-27,7-Year,No,ZN
2020-09-09,9-Year 11-Month,Yes,ZN
2020-09-10,29-Year 11-Month,Yes,ZB
2020-09-15,19-Year 11-Month,Yes,ZB
2020-09-22,2-Year,No,ZT
2020-09-23,5-Year,No,ZF
2020-09-24,7-Year,No,ZN
2020-10-07,9-Year 10-Month,Yes,ZN
2020-10-08,29-Year 10-Month,Yes,ZB
2020-10-21,19-Year 10-Month,Yes,ZB
2020-10-27,2-Year,No,ZT
2020-10-28,5-Year,No,ZF
2020-10-29,7-Year,No,ZN
2020-11-10,10-Year,No,ZN
2020-11-12,30-Year,No,ZB
2020-11-18,20-Year,No,ZB
2020-11-23,5-Year,No,ZF
2020-11-23,2-Year,No,ZT
2020-11-24,7-Year,No,ZN
2020-12-09,9-Year 11-Month,Yes,ZN
2020-12-10,29-Year 11-Month,Yes,ZB
2020-12-21,19-Year 11-Month,Yes,ZB
2020-12-28,2-Year,No,ZT
2020-12-28,5-Year,No,ZF
2020-12-29,7-Year,No,ZN
2021-01-12,9-Year 10-Month,Yes,ZN
2021-01-13,29-Year 10-Month,Yes,ZB
2021-01-20,19-Year 10-Month,Yes,ZB
2021-01-25,2-Year,No,ZT
2021-01-26,5-Year,No,ZF
2021-01-28,7-Year,No,ZN
2021-02-10,10-Year,No,ZN
2021-02-11,30-Year,No,ZB
2021-02-17,20-Year,No,ZB
2021-02-23,2-Year,No,ZT
2021-02-24,5-Year,No,ZF
2021-02-25,7-Year,No,ZN
2021-03-10,9-Year 11-Month,Yes,ZN
2021-03-11,29-Year 11-Month,Yes,ZB
2021-03-16,19-Year 11-Month,Yes,ZB
2021-03-23,2-Year,No,ZT
2021-03-24,5-Year,No,ZF
2021-03-25,7-Year,No,ZN
2021-04-12,9-Year 10-Month,Yes,ZN
2021-04-13,29-Year 10-Month,Yes,ZB
2021-04-21,19-Year 10-Month,Yes,ZB
2021-04-26,5-Year,No,ZF
2021-04-26,2-Year,No,ZT
2021-04-27,7-Year,No,ZN
2021-05-12,10-Year,No,ZN
2021-05-13,30-Year,No,ZB
2021-05-19,20-Year,No,ZB
2021-05-25,2-Year,No,ZT
2021-05-26,5-Year,No,ZF
2021-05-27,7-Year,No,ZN
2021-06-09,9-Year 11-Month,Yes,ZN
2021-06-10,29-Year 11-Month,Yes,ZB
2021-06-15,19-Year 11-Month,Yes,ZB
2021-06-22,2-Year,No,ZT
2021-06-23,5-Year,No,ZF
2021-06-24,7-Year,No,ZN
2021-07-12,9-Year 10-Month,Yes,ZN
2021-07-13,29-Year 10-Month,Yes,ZB
2021-07-21,19-Year 10-Month,Yes,ZB
2021-07-26,2-Year,No,ZT
2021-07-27,5-Year,No,ZF
2021-07-29,7-Year,No,ZN
2021-08-11,10-Year,No,ZN
2021-08-12,30-Year,No,ZB
2021-08-18,20-Year,No,ZB
2021-08-24,2-Year,No,ZT
2021-08-25,5-Year,No,ZF
2021-08-26,7-Year,No,ZN
2021-09-08,9-Year 11-Month,Yes,ZN
2021-09-09,29-Year 11-Month,Yes,ZB
2021-09-21,19-Year 11-Month,Yes,ZB
2021-09-27,2-Year,No,ZT
2021-09-27,5-Year,No,ZF
2021-09-28,7-Year,No,ZN
2021-10-12,9-Year 10-Month,Yes,ZN
2021-10-13,29-Year 10-Month,Yes,ZB
2021-10-20,19-Year 10-Month,Yes,ZB
2021-10-26,2-Year,No,ZT
2021-10-27,5-Year,No,ZF
2021-10-28,7-Year,No,ZN
2021-11-09,10-Year,No,ZN
2021-11-10,30-Year,No,ZB
2021-11-17,20-Year,No,ZB
2021-11-22,2-Year,No,ZT
2021-11-22,5-Year,No,ZF
2021-11-23,7-Year,No,ZN
2021-12-02,19-Year 11-Month,Yes,ZB
2021-12-08,9-Year 11-Month,Yes,ZN
2021-12-09,29-Year 11-Month,Yes,ZB
2021-12-21,19-Year 11-Month,Yes,ZB
2021-12-27,2-Year,No,ZT
2021-12-28,5-Year,No,ZF
2021-12-29,7-Year,No,ZN
2022-01-12,9-Year 10-Month,Yes,ZN
2022-01-13,29-Year 10-Month,Yes,ZB
2022-01-19,19-Year 10-Month,Yes,ZB
2022-01-24,2-Year,No,ZT
2022-01-25,5-Year,Yes,ZF
2022-01-27,7-Year,No,ZN
2022-02-09,10-Year,No,ZN
2022-02-10,30-Year,No,ZB
2022-02-16,20-Year,No,ZB
2022-02-22,2-Year,No,ZT
2022-02-23,5-Year,No,ZF
2022-02-24,7-Year,No,ZN
2022-03-09,9-Year 11-Month,Yes,ZN
2022-03-10,29-Year 11-Month,Yes,ZB
2022-03-23,19-Year 11-Month,Yes,ZB
2022-03-28,5-Year,No,ZF
2022-03-28,2-Year,No,ZT
2022-03-29,7-Year,No,ZN
2022-04-12,9-Year 10-Month,Yes,ZN
2022-04-13,29-Year 10-Month,Yes,ZB
2022-04-20,19-Year 10-Month,Yes,ZB
2022-04-26,2-Year,No,ZT
2022-04-27,5-Year,No,ZF
2022-04-28,7-Year,No,ZN
2022-05-11,10-Year,No,ZN
2022-05-12,30-Year,No,ZB
2022-05-18,20-Year,No,ZB
2022-05-24,2-Year,No,ZT
2022-05-25,5-Year,No,ZF
2022-05-26,7-Year,No,ZN
2022-06-08,9-Year 11-Month,Yes,ZN
2022-06-09,29-Year 11-Month,Yes,ZB
2022-06-22,19-Year 11-Month,Yes,ZB
2022-06-27,2-Year,No,ZT
2022-06-27,5-Year,No,ZF
2022-06-28,7-Year,No,ZN
2022-07-12,9-Year 10-Month,Yes,ZN
2022-07-13,29-Year 10-Month,Yes,ZB
2022-07-20,19-Year 10-Month,Yes,ZB
2022-07-25,2-Year,No,ZT
2022-07-26,5-Year,No,ZF
2022-07-28,7-Year,No,ZN
2022-08-10,10-Year,No,ZN
2022-08-11,30-Year,No,ZB
2022-08-17,20-Year,No,ZB
2022-08-23,2-Year,No,ZT
2022-08-24,5-Year,No,ZF
2022-08-25,7-Year,No,ZN
2022-09-12,9-Year 11-Month,Yes,ZN
2022-09-13,29-Year 11-Month,Yes,ZB
2022-09-20,19-Year 11-Month,Yes,ZB
2022-09-26,2-Year,No,ZT
2022-09-27,5-Year,No,ZF
2022-09-28,7-Year,No,ZN
2022-10-12,9-Year 10-Month,Yes,ZN
2022-10-13,29-Year 10-Month,Yes,ZB
2022-10-19,19-Year 10-Month,Yes,ZB
2022-10-25,2-Year,No,ZT
2022-10-26,5-Year,No,ZF
2022-10-27,7-Year,No,ZN
2022-11-09,10-Year,No,ZN
2022-11-10,30-Year,No,ZB
2022-11-16,20-Year,No,ZB
2022-11-21,2-Year,No,ZT
2022-11-21,5-Year,No,ZF
2022-11-22,7-Year,No,ZN
2022-12-12,9-Year 11-Month,Yes,ZN
2022-12-13,29-Year 11-Month,Yes,ZB
2022-12-21,19-Year 11-Month,Yes,ZB
2022-12-27,2-Year,No,ZT
2022-12-28,5-Year,No,ZF
2022-12-29,7-Year,No,ZN
2023-01-11,9-Year 10-Month,Yes,ZN
2023-01-12,29-Year 10-Month,Yes,ZB
2023-01-18,19-Year 10-Month,Yes,ZB
2023-01-24,2-Year,No,ZT
2023-01-25,5-Year,No,ZF
2023-01-26,7-Year,No,ZN
2023-02-08,10-Year,No,ZN
2023-02-09,30-Year,No,ZB
2023-02-15,20-Year,No,ZB
2023-02-21,2-Year,No,ZT
2023-02-22,5-Year,No,ZF
2023-02-23,7-Year,No,ZN
2023-03-08,9-Year 11-Month,Yes,ZN
2023-03-09,29-Year 11-Month,Yes,ZB
2023-03-21,19-Year 11-Month,Yes,ZB
2023-03-27,2-Year,No,ZT
2023-03-28,5-Year,No,ZF
2023-03-29,7-Year,No,ZN
2023-04-12,9-Year 10-Month,Yes,ZN
2023-04-13,29-Year 10-Month,Yes,ZB
2023-04-19,19-Year 10-Month,Yes,ZB
2023-04-25,2-Year,No,ZT
2023-04-26,5-Year,No,ZF
2023-04-27,7-Year,No,ZN
2023-05-10,10-Year,No,ZN
2023-05-11,30-Year,No,ZB
2023-05-17,20-Year,No,ZB
2023-05-23,2-Year,No,ZT
2023-05-24,5-Year,No,ZF
2023-05-25,7-Year,No,ZN
2023-06-12,9-Year 11-Month,Yes,ZN
2023-06-13,29-Year 11-Month,Yes,ZB
2023-06-21,19-Year 11-Month,Yes,ZB
2023-06-26,2-Year,No,ZT
2023-06-27,5-Year,No,ZF
2023-06-28,7-Year,No,ZN
2023-07-12,9-Year 10-Month,Yes,ZN
2023-07-13,29-Year 10-Month,Yes,ZB
2023-07-19,19-Year 10-Month,Yes,ZB
2023-07-24,2-Year,No,ZT
2023-07-25,5-Year,No,ZF
2023-07-27,7-Year,No,ZN
2023-08-09,10-Year,No,ZN
2023-08-10,30-Year,No,ZB
2023-08-23,20-Year,No,ZB
2023-08-28,2-Year,No,ZT
2023-08-28,5-Year,No,ZF
2023-08-29,7-Year,No,ZN
2023-09-12,9-Year 11-Month,Yes,ZN
2023-09-13,29-Year 11-Month,Yes,ZB
2023-09-19,19-Year 11-Month,Yes,ZB
2023-09-26,2-Year,No,ZT
2023-09-27,5-Year,No,ZF
2023-09-28,7-Year,No,ZN
2023-10-11,9-Year 10-Month,Yes,ZN
2023-10-12,29-Year 10-Month,Yes,ZB
2023-10-18,19-Year 10-Month,Yes,ZB
2023-10-24,2-Year,No,ZT
2023-10-25,5-Year,No,ZF
2023-10-26,7-Year,No,ZN
2023-11-08,10-Year,No,ZN
2023-11-09,30-Year,No,ZB
2023-11-20,20-Year,No,ZB
2023-11-27,5-Year,No,ZF
2023-11-27,2-Year,No,ZT
2023-11-28,7-Year,No,ZN
2023-12-11,9-Year 11-Month,Yes,ZN
2023-12-12,29-Year 11-Month,Yes,ZB
2023-12-20,19-Year 11-Month,Yes,ZB
2023-12-26,2-Year,No,ZT
2023-12-27,5-Year,No,ZF
2023-12-28,7-Year,No,ZN
2024-01-10,9-Year 10-Month,Yes,ZN
2024-01-11,29-Year 10-Month,Yes,ZB
2024-01-17,19-Year 10-Month,Yes,ZB
2024-01-23,2-Year,No,ZT
2024-01-24,5-Year,No,ZF
2024-01-25,7-Year,No,ZN
2024-02-07,10-Year,No,ZN
2024-02-08,30-Year,No,ZB
2024-02-21,20-Year,No,ZB
2024-02-26,2-Year,No,ZT
2024-02-26,5-Year,No,ZF
2024-02-27,7-Year,No,ZN
2024-03-12,9-Year 11-Month,Yes,ZN
2024-03-13,29-Year 11-Month,Yes,ZB
2024-03-19,19-Year 11-Month,Yes,ZB
2024-03-25,2-Year,No,ZT
2024-03-26,5-Year,No,ZF
2024-03-27,7-Year,No,ZN
2024-04-10,9-Year 10-Month,Yes,ZN
2024-04-11,29-Year 10-Month,Yes,ZB
2024-04-17,19-Year 10-Month,Yes,ZB
2024-04-23,2-Year,No,ZT
2024-04-24,5-Year,No,ZF
2024-04-25,7-Year,No,ZN
2024-05-08,10-Year,No,ZN
2024-05-09,30-Year,No,ZB
2024-05-22,20-Year,No,ZB
2024-05-28,2-Year,No,ZT
2024-05-28,5-Year,No,ZF
2024-05-29,7-Year,No,ZN
2024-06-11,9-Year 11-Month,Yes,ZN
2024-06-13,29-Year 11-Month,Yes,ZB
2024-06-18,19-Year 11-Month,Yes,ZB
2024-06-25,2-Year,No,ZT
2024-06-26,5-Year,No,ZF
2024-06-27,7-Year,No,ZN
2024-07-10,9-Year 10-Month,Yes,ZN
2024-07-11,29-Year 10-Month,Yes,ZB
2024-07-17,19-Year 10-Month,Yes,ZB
2024-07-23,2-Year,No,ZT
2024-07-24,5-Year,No,ZF
2024-07-25,7-Year,No,ZN
2024-08-07,10-Year,No,ZN
2024-08-08,30-Year,No,ZB
2024-08-21,20-Year,No,ZB
2024-08-27,2-Year,No,ZT
2024-08-28,5-Year,No,ZF
2024-08-29,7-Year,No,ZN
2024-09-11,9-Year 11-Month,Yes,ZN
2024-09-12,29-Year 11-Month,Yes,ZB
2024-09-17,19-Year 11-Month,Yes,ZB
2024-09-24,2-Year,No,ZT
2024-09-25,5-Year,No,ZF
2024-09-26,7-Year,No,ZN
2024-10-09,9-Year 10-Month,Yes,ZN
2024-10-10,29-Year 10-Month,Yes,ZB
2024-10-23,19-Year 10-Month,Yes,ZB
2024-10-28,2-Year,No,ZT
2024-10-28,5-Year,No,ZF
2024-10-29,7-Year,No,ZN
2024-11-05,10-Year,No,ZN
2024-11-06,30-Year,No,ZB
2024-11-20,20-Year,No,ZB
2024-11-25,2-Year,No,ZT
2024-11-26,5-Year,No,ZF
2024-11-27,7-Year,No,ZN
2024-12-11,9-Year 11-Month,Yes,ZN
2024-12-12,29-Year 11-Month,Yes,ZB
2024-12-17,19-Year 11-Month,Yes,ZB
2024-12-23,2-Year,No,ZT
2024-12-24,5-Year,No,ZF
2024-12-26,7-Year,No,ZN
2025-01-07,9-Year 10-Month,Yes,ZN
2025-01-08,29-Year 10-Month,Yes,ZB
2025-01-22,19-Year 10-Month,Yes,ZB
2025-01-27,2-Year,No,ZT
2025-01-27,5-Year,No,ZF
2025-01-28,7-Year,No,ZN
2025-02-12,10-Year,No,ZN
2025-02-13,30-Year,No,ZB
2025-02-19,20-Year,No,ZB
2025-02-24,2-Year,No,ZT
2025-02-25,5-Year,Yes,ZF
2025-02-26,7-Year,No,ZN
2025-03-12,9-Year 11-Month,Yes,ZN
2025-03-13,29-Year 11-Month,Yes,ZB
2025-03-18,19-Year 11-Month,Yes,ZB
2025-03-25,2-Year,No,ZT
2025-03-26,5-Year,No,ZF
2025-03-27,7-Year,No,ZN
2025-04-09,9-Year 10-Month,Yes,ZN
2025-04-10,29-Year 10-Month,Yes,ZB
2025-04-16,19-Year 10-Month,Yes,ZB
2025-04-22,2-Year,No,ZT
2025-04-23,5-Year,No,ZF
2025-04-24,7-Year,No,ZN
2025-05-06,10-Year,No,ZN
2025-05-08,30-Year,No,ZB
2025-05-21,20-Year,No,ZB
2025-05-27,2-Year,No,ZT
2025-05-28,5-Year,No,ZF
2025-05-29,7-Year,No,ZN
2025-06-11,9-Year 11-Month,Yes,ZN
2025-06-12,29-Year 11-Month,Yes,ZB
2025-06-16,19-Year 11-Month,Yes,ZB
2025-06-24,2-Year,No,ZT
2025-06-25,5-Year,No,ZF
2025-06-26,7-Year,No,ZN
2025-07-09,9-Year 10-Month,Yes,ZN
2025-07-10,29-Year 10-Month,Yes,ZB
2025-07-23,19-Year 10-Month,Yes,ZB
2025-07-28,2-Year,No,ZT
2025-07-28,5-Year,No,ZF
2025-07-29,7-Year,No,ZN
2025-08-06,10-Year,No,ZN
2025-08-07,30-Year,No,ZB
2025-08-20,20-Year,No,ZB
2025-08-26,2-Year,No,ZT
2025-08-27,5-Year,No,ZF
2025-08-28,7-Year,No,ZN
2025-09-10,9-Year 11-Month,Yes,ZN
2025-09-11,29-Year 11-Month,Yes,ZB
2025-09-16,19-Year 11-Month,Yes,ZB
2025-09-23,2-Year,No,ZT
2025-09-24,5-Year,No,ZF
2025-09-25,7-Year,No,ZN
